input,response,eval,human 1 eval,human 2 eval
"<product> Yamaha HTR-5660 6-Channel Digital Home Theater Receiver (Discontinued by Manufacturer)
<features> ['6.1-channel digital receiver with 85 watts per channel (x 6)', 'Decoding for DTS-ES Discrete 6.1, DTS-ES Matrix 6.1, DTS Neo:6, Dolby Digital EX, and Dolby Pro Logic II', '24 distinct sound programs with 44 variations meet every sound need', '4 optical and 1 coaxial digital inputs; 5 S-Video inputs and 2 outputs; 2 component-video inputs; set of front-panel A/V inputs', 'Measures 17-1/8 x 6-7/16 x 15-3/8 inches (W x H x D) and weighs 25 pounds']

<product> Sony KV-20FV12 20&quot; Trinitron Wega Flat-Screen TV
<features> ['20-inch TV with Trinitron flat picture tube; 22.25 x 18.38 x 19.88 inches (W x H x D)', '3-line digital comb filter improves image resolution and clarity', 'SpeedSurf rapid channel surfing, 5 favorite channel presets, and sleep timer', '2 sets of composite inputs (1 front and 1 rear), S-video input, audio output, and headphone jack', '10-watt DAC speaker system (5 watts x 2) with Matrix Surround and MTS decoder']

<product> GE AV93203 Cable Extension Adapter
<features> ['CableExtensionAdapters']

","The luxurious cabin aboard our cruise liner offers guests the ultimate comfort and convenience. The Yamaha HTR-5660 6-Channel Digital Home Theater Receiver allows you to enjoy your favorite movies or music in stunning surround sound quality. With its 85 watts per channel power, this receiver will fill any space with rich, vibrant sound. For those who want even more control over their listening experience, the receiver also has 6.1-channel discrete 6.1, matrix 6.1, and DTS Neo:6 decoders so you can customize your sound exactly how you like it. Additionally, the receiver comes equipped with 24 distinct sound programs and 44 variations to ensure that no matter what type of movie or music you are enjoying, it sounds just right. To make sure you never miss out on anything, there are five S-Video inputs and two outputs, four optical and one coaxial digital inputs, and a set of front panel A/V inputs. All of which allow you to connect multiple devices at once without having to worry about losing signal quality. If you’re looking for something truly special, then look no further than the Sony KV-20FV12 20” Trinitron Wega Flat-Screen TV. This television boasts a 20-inch screen size and a Trinitron flat picture tube for crystal clear images. It also includes a 3-line digital comb filter to improve image resolution and clarity, making everything from sports games to dramas come alive before your eyes. In addition, the SpeedSurf rapid channel surfing feature makes finding your desired program quicker and easier than ever before. You can also save up to five of your most frequently watched channels for easy access later. Finally, the Sony KV-20FV12 20” Trinitron Wega Flat-Screen TV also comes with a built-in 10-watt DAC speaker system (5 watts x 2) with Matrix Surround and MTS decoder for full, immersive sound. No matter where you sit in the cabin, you won’t be disappointed when watching your favorite shows or movies. Lastly, if you find yourself wanting to watch something but don’t feel like getting off the couch, the GE AV93203 Cable Extension Adapter is perfect for you! This adapter lets you extend your cable length up to 100 feet away while still maintaining high definition video and audio quality. So whether you’re relaxing in bed or sitting on the balcony, you can always stay connected to your entertainment.",8,6,6
"<product> Cerwin-Vega CLSC-6 Classic Series 6.5-Inch 2-Way Bookshelf Speaker, Black Ash (Single) (Discontinued by Manufacturer)
<features> ['Single 2-way bookshelf speaker with black ash finish for stereo or home theater applications', '6.5-inch, cast-aluminum, fiber-impregnated cellulose cone midrange driver creates rich, clear mids', 'Highly sensitive 1-inch soft dome tweeter with optimized waveguide for seamless frequency integration', '50 Hz to 20 kHz frequency response; recommended peak power of 125 watts; 90 dB sensitivity', 'Magnetically shielded against video interference; measures 8 x 15.4 x 10.45 inches (W x H x D); 5-year warranty']

<product> Sony KV-32XBR450 32&quot; XBR Wega Flat-Screen HDTV Monitor with PIP
<features> ['32-inch flat-screen HDTV monitor', 'Picture-in-picture capability', '2-speaker surround sound simulation', '4 A/V inputs, 3 S-Video inputs', 'Auto-volume correction, child lock-out']

<product> C2G 29118 Velocity Bass Management Subwoofer Cable, Blue (12 Feet, 3.65 Meters)
<features> ['USE - Connect a powered subwoofer to handle extreme dynamic audio to transport your music and cinema experience.', 'ULTRA-FLEXIBLE PVC JACKET  Allows for easy installation in tight spaces behind your desk, entertainment center, or audio rack without causing damage to the conductors.', 'MOLDED GOLD-PLATED CONNECTORS  Corrosion resistant connectors provide optimal bass signal transfer and a durable, long life. Molded jacket will provide excellent strain relief against conductor damage', 'OXYGEN-FREE COPPER CONDUCTORS WITH FOIL AND SPIRAL SHIELD  High-grade copper conductors ensure high quality bass signal transmissions over the long life of this cable. The foil and spiral shield prevents and protects the cable from unwanted noise interference that can disrupt and degrade audio quality', 'PACKAGING  To ensure you receive the highest quality products, C2G packages all product in C2G branded packaging', ""Long lengths, punishing environmental factors and the necessity to handle extreme dynamic range are all part of the subwoofer interconnect's job description."", 'A cable whose job is to transmit just two or three octaves of audio information enjoys the most relaxed requirements of any interconnects in the system.', 'This subwoofer cable offers superb impact and detail while maintaining a ""tough as nails"" built quality!', '<span class=""a-size-base a-color-secondary"">\n                Ultra-flexible jacket and 24K gold-plated heavy duty contacts ensure a lifetime of performance.\n            </span>', '<span class=""a-size-base a-color-secondary"">\n                100% foil and spiral-wound \n            </span>', '<span class=""a-size-base a-color-secondary"">\n                Oxygen-free copper conductors\n            </span>', '<span class=""a-size-base a-color-secondary"">\n                \'Tough as nails\' built quality!\n            </span>', 'Twisted pair oxygen-free copper wire and foamed PE dielectric fight noise and hum, and are optimized for bass signal transmission.', 'Oxygen-free copper conductors deliver awesome impact and bass detail. The low loss 100% foil and spiral-wound oxygen-free copper (OFC) shielding protects the important bass signals from electromagnetic interference (EMI) and radio frequency interference (RFI).', 'A tough, ultra-flexible jacket and 24K gold-plated heavy duty contacts ensure a lifetime of performance.']

","The luxurious cabin aboard our cruise liner has been designed to offer guests the utmost comfort and convenience. Our rooms feature state-of-the-art technology such as touch screen control panels, voice activated lighting and temperature controls, and even virtual reality gaming systems. We also offer premium furnishings including plush beds, leather couches, and marble bathrooms. Guests can enjoy stunning views through floor-to-ceiling windows, and take advantage of our concierge services which include personalized recommendations based on each guest’s preferences.",1,1,2
"<product> Advent MARBL-1 Indoor/Outdoor Speakers (Pair) (Discontinued by Manufacturer)
<features> ['1/2"" Ferrofluid- Filled Silver Dome', '10-125 Watts of Power', 'Black', 'Mounting Brackets']

<product> Akai PT5598HD 55-Inch Widescreen Projection HD-Ready TV
<features> ['55-inch HD-ready projection TV; component shelf with hinged door', '3D digital comb filter separates colors and eliminates distortion', 'Dual-tuner picture-in-picture functionality', 'Dual HDTV component-video inputs', '30-watt sound system designed by BBE']

<product> C2G/Cables to Go 01747 6-Pin Mini Din Male Connector
<features> ['Has everything you need to complete the cable assembly', 'Lifetime Warranty']

","The luxurious cabin aboard this cruise liner has been outfitted with some of the most advanced technology available today. The walls are adorned with two pairs of Advent MARBL-1 Indoor/Outdoor Speakers (Pair), which provide clear audio quality even when playing music at high volumes. These speakers also feature a 1/2” ferrofluid-filled silver dome, allowing them to produce deep bass tones without any distortions or interference. To ensure maximum comfort while watching movies or listening to music, the cabin is equipped with a pair of Akai PT5598HD 55-Inch Widescreen Projection HD-Ready TVs. With its 55-inch widescreen display, this television offers crystal clear visuals and vibrant color reproduction. It’s also equipped with dual HDTV component video inputs so you can watch your favorite shows from multiple sources simultaneously. For those who want to stay connected during their voyage, there’s no better way than with the C2G/Cables to Go 01747 6-Pin Mini Din Male Connector. This connector allows you to connect devices such as laptops, tablets, and phones to the ship’s WiFi network. And if you ever get bored, don’t worry—the cabin comes preloaded with a variety of games and apps to keep you entertained throughout your journey!",8,7,5
"<product> JBL Northridge EC35 3-Way Dual 5-Inch Center-Channel Speaker, Single (Black Ash) (Discontinued by Manufacturer)
<features> ['5-1/4-inch shielded PolyPlas woofers; 3-inch shielded PolyPlas drivers; 3/4-inch shielded titanium-laminate dome tweeters', 'Straight-Line Signal Path crossover network divides signal with minimal processing', '75 watts continuous, 300 watts peak power handling; 150-watt maximum amplifier power', 'Gold-plated 5-way binding posts for strong connection', 'Each measures 22 x 7-1/4 x 10-7/16 inches (W x H x D)']

<product> Philips 20PS40S 20&quot; TV
<features> ['20-inch high-contrast nearly flat screen; TV measures 23.5 x 18.7 x 18.7 inches (W x H x D)', '3-line comb filter reduces dot crawl and blurred edges', 'Video noise reduction minimizes picture grain', '240-minute sleep timer, AutoPicture, AutoLock, and AutoSound features', 'Composite-, component-, and S-video inputs; A/V inputs in front and rear']

<product> C2G/Cables to Go 20710 LVD/SE VHDCI .8mm 68-Pin Male to SCSI-3 MD68 Male Thumbscrew Cable (6 Feet)
<features> ['Connect advanced SCSI multiport applications to RAID controllers', 'Connector 1: (1) VHDCI-68 Male', 'Connector 2: (1) MD68 Male', 'Available in lengths up to 6ft', 'Lifetime Warranty']

","The luxury cabin aboard this cruise liner has been designed to provide guests with the utmost comfort and convenience. The spacious rooms feature state-of-the-art technology such as the latest audio equipment from JBL and Philips, allowing passengers to enjoy their favorite music or movies while relaxing in plush leather chairs. For those who want to stay connected during their journey, there are multiple USB ports available so they can charge their devices quickly and easily. To ensure privacy, each room also comes equipped with its own soundproof door.",3,7,4
"<product> KLH 943PL 100-Watt 3-Way Center Channel Speaker (Discontinued by Manufacturer)
<features> ['3-way center-channel speaker; 12.5 x 4.25 x 4.875 inches (W x H x D)', 'Dual 3.625-inch dynamic woofers with a center-mounted .625-inch piezoelectric tweeter', 'Magnetically shielded so you can place it atop a television with no fear of inducing image distortion', 'Speaker wire and adhesive feet included', 'Wall mountable (mounts not included)']

<product> Sony KV-27FV15 27&quot; Wega TV
<features> ['27-inch TV with Trinitron flat picture tube; 30 x 23.75 x 19.6 inches (W x H x D)', 'Picture-in-picture displays two shows at once; custom channel labeling and SpeedSurf options', '3-line digital comb filter improves image resolution and clarity', '3 composite inputs (1 front and 2 rear), 2 S-video inputs, audio output, monitor output, and 2 RF inputs', '30-watt speaker system (15 watts x 2) with virtual surround and MTS decoding']

<product> Monster Cable S14-2-DB EZ500 Monster Standard Direct Burial Speaker Cable, 500ft Spool (Discontinued by Manufacturer)
<features> ['Monster quality for installation in harsh outdoor environments.', 'Standard performance direct burial approved speaker cables.', 'Tightly twisted inner conductors for increased rejection of interference.', 'Low-friction jacket for easy installation.', 'Low friction jacket for easy installation.']

","The luxurious cabin aboard this cruise liner has been designed to provide guests with maximum comfort and convenience. The rooms are equipped with state-of-the-art technology such as the latest sound systems from Sony and Monster Cable, allowing passengers to enjoy their favorite music or movies without any hassle. For those who prefer watching live sports events, there’s also a large screen TV from KLH, which comes complete with its own built-in speakers. To ensure optimal viewing pleasure, all screens come with a specialized video processing chip from Panasonic. Additionally, each room includes a set of high-end audio equipment from Monster Cable, including a powerful subwoofer and a pair of 3-way center channel speakers.",7,7,5
"<product> KLH ASW10-120 Powered Subwoofer (Discontinued by Manufacturer)
<features> ['120-watt amplifier', 'Front-firing, ported design', '10-inch dynamic-fiber driver', '30 to 200 Hz frequency response', 'Phase and crossover frequency controls']

<product> Toshiba 20AF43 20&quot; Flat Screen TV
<features> ['20-inch CRT set with standard 4:3 aspect ratio and high-contrast flat tube; 23.25 x 17.5 x 19 inches (W x H x D)', '3-line digital comb filter and Vertical Contour Correction enhance color clarity', 'ColorStream component-video input offers optimal connection from a compatible DVD player or satellite receiver', 'Front AV input accommodates camcorder or gaming console', 'Stereo reception with SAP, 5 watts per channel, and BBE High-Definition Sound (improves speech intelligibility)']

<product> Acoustic Research AP1650 Speaker Cable, 16 AWG, OFC, (50 feet) (Discontinued by Manufacturer)
<features> [""50'""]

","The luxurious cabin aboard our cruise liner has been designed to provide guests with the utmost comfort and convenience. The rooms are equipped with state-of-the-art technology such as the KLH ASW10-120 Powered Subwoofer which delivers powerful sound quality and deep bass frequencies. For those who prefer watching movies or playing games, we offer the Toshiba 20AF43 20” Flat Screen TV with its 23.25x17.5x19 dimensions and high contrast flat tube. To ensure optimum audio performance, we also include the Acoustic Research AP1650 Speaker Cable, 16 AWG, OFC, (50 Feet).",6,6,6
"<product> Sony DVP-NC600 5-Disc Carousel Changer
<features> ['5-disc DVD/CD changer with play exchange and repeat, random program, and resume playback', 'Compatible with DVD-Video, video CD, and audio CD-R/CD-RW', '1 component-video, 1 S-video, and 2 composite-video outputs', 'Block Noise Reduction reduces blocked-image sections during fast-moving scenes', 'Instant Replay zips back 10 seconds for convenient recaps; parental controls lock out up to 50 discs']

<product> Panasonic PT-50DL54 50-Inch Rear-Projection DLP HDTV
<features> ['50-inch, widescreen, slim-chassis DLP (Digital Light Processing) projection television; 55.8 x 35.3 x 15.3 inches (W x H x D)', '1,280 x 720 native pixel resolution; compatible with 480p, 720p, and full 1080i high-definition pictures', 'Direct-digital HDMI input, 2 PC inputs, 3 each component-, composite-, and S-video inputs; front-panel jacks accommodate a camcorder or gaming device', '2-tuner PIP with split-screen ability', 'Offers SD Memory Card/PCMCIA Card slots and photo viewer; extensive video enhancements']

<product> C2G/Cables to Go 37051 48-Port Cat6 110-Type Patch Panel
<features> ['High density 19-inch panel design saves space in your rack while meeting Cat6 specs', 'Meets or exceeds TIA/EIA-568-B specifications', 'Designed to support Cat6 cabling infrastructure', '110 punch down block termination', 'Labeled for 568A and 568B wiring schemes']

","The luxurious cabin aboard our cruiseship offers all the comforts of home. Our rooms are equipped with state-of-the-art technology such as the Sony DVP-NC600 5-Disc Carousel Changer, which allows you to watch movies from multiple sources simultaneously. The Panasonic PT-50DL54 50-Inch Rear-Projection DLP HDTV brings the cinema experience into your living room, allowing you to enjoy stunning visuals and sound quality. For those who want to stay connected, we offer free WiFi access throughout the ship so you can keep in touch with friends and family. To make sure you never miss any important news updates, we also provide cable TV channels including CNN, ESPN, and more. We even have a C2G/Cables to Go 37051 48-Port Cat6 110-Type Patch Panel installed in every room so you can easily connect your devices without worrying about cords getting tangled.",7,6,5
"<product> Panasonic SC-DK2 5-DVD Home Theater Compact Stereo System (Discontinued by Manufacturer)
<features> ['5-DVD/CD changer, dual auto reverse cassette decks, and AM/FM digitally synthesized tuner', 'Dolby Digital decoder', '5-speaker system with total output power of 290 watts in home-theater mode']

<product> Toshiba 46H83 46-Inch HDTV Projection TV
<features> ['46-inch widescreen HD-compatible projection television with DVI-HDTV input; 43.375 x 40.5 x 21.875 inches (W x H x D)', 'CrystalScan HDSC coverts all 480i and 480p signals (as from progressive-scan DVD players and DTV set-top boxes) to high-definition 1080i', '3D Y/C digital comb filter with Vertical Contour Correction accurately processes RF (broadcast, VCR) and composite-video (DVD, VCR, camcorder) signals', 'HD Window dual-tuner POP with PIP sound', 'PowerFocus HD II CRTs offer 10 percent more brightness and 25 percent better sharpness than standard CRTs']

<product> C2G 02711 DB9 M/F Serial RS232 Extension Cable, Beige (6 Feet, 1.82 Meters)
<features> ['Extend your RS-232 serial cable for more flexibility', 'Extend an existing DB9 cable up to 100ft', 'Put peripherals in the most convenient place', 'Available in beige and black', 'Lifetime Warranty', 'Don&#039;t sacrifice convenience when determining where to place your hardware!', 'A DB9 extension cable can give you the flexibility to extend a computer peripheral wherever you need it.', 'Each extension cable comes fully shielded to prevent unwanted EMI/RFI interference,', 'Connector thumbscrews provide a quick and easy connection every time.', '<span class=""a-size-base a-color-secondary"">\n                Extend an existing DB9 cable up to 100 Feet\n            </span>', '<span class=""a-size-base a-color-secondary"">\n                Place peripherals in the most convenient location\n            </span>', '<span class=""a-size-base a-color-secondary"">\n                Available in beige and black\n            </span>', 'Designed in various colors to look great in any space.', 'Fully molded cable design delivers excellent strain relief.', 'All lines are wired straight through.']

","The luxurious cabin aboard this cruise liner offers the ultimate comfort and entertainment. The Panasonic SC-DK2 5-DVD Home Theater Compact Stereo System allows passengers to enjoy movies or music while relaxing in one of the plush chairs. For those who prefer to stay connected during their voyage, the Toshiba 46H83 46-Inch HDTV Projection TV has built-in WiFi so they can keep up with work or play online games. To make sure everyone stays entertained throughout the journey, there’s also a C2G 02711 DB9 M/F Serial RS232 Extension Cable, Beige (6 Feet, 1.82 Meters), which lets them connect multiple devices at once.",6,6,6
"<product> Sangean DT-110GC Digital Pocket AM/FM Stereo Receiver
<features> ['Stereo/mono switch', '15 presets on FM, 6 on AM, 3 random', 'AM/FM stereo with supplied earphone', 'Auto and manual scan tuning', '90 minute automatic shutoff']

<product> Samsung TXN2775HF 27&quot; HD-Ready TV with DynaFlat Screen
<features> ['27-inch HDTV with DynaFlat CRT screen that reduces reflections and glare; 30 x 23.6 x 20.4 inches (W x H x D)', 'Accepts high-definition 1080i and 480p progressive-scan signals from DTV set-top receivers and progressive-scan DVD players', 'Side-panel AV hookups and controls allow easy connection with a camcorder, gaming console, or other device', 'Velocity-scan modulation improves definition at picture edges', '15 watts per channel through side-mounted stereo speakers; neo side-sound design offers full-bodied sound']

<product> Belkin HDDB15M to HDDB15F VGA Monitor Extension Cable-25 feet
<features> ['VGA monitor extension cable', 'One male DB15 connector on the first side', 'One female DB15 connector on the second side', 'Flextec cable jacket is very durable and extremely flexible for use in tight areas.', '25 feet long. PVC premold encapsulates individual conductors to ensure electrical isolation and relieve stress']

","The luxurious cabin aboard this cruise liner has been designed to provide guests with maximum comfort and convenience. The rooms are equipped with state-of-the-art technology such as the Sangean DT-110GC Digital Pocket AM/FM Stereo Receiver, which allows passengers to listen to music while enjoying the scenery outside. For those who prefer watching movies, there’s also the Samsung TXN2775HF 27” HD-Ready TV with DynaFlat CRT Screen, providing crystal clear images and vibrant colors. To make sure guests stay connected during their journey, they can connect their devices via Bluetooth® to the Belkin HDDB15M to HDDB15F VGA Monitor Extension Cable-25 Feet. This ensures seamless streaming of content between devices without any lag time.",6,4,4
"<product> Phoenix Gold ISM-6 Single Source 6-Zone Speaker Selector (Discontinued by Manufacturer)
<features> ['6-Zone Single-Source Speaker Selector', '140W Max Power Per Channel', '70W Power With Protection Switch Engaged', 'Individual On/Off Selectors For Each Zone', 'Pass-Thru Output Terminal']

<product> Sharp 25R-S100 25"" TV (Black)
<features> ['25-inch color television with dark-tint picture tube; 24.6 x 22.1 x 20.3 inches (W x H x D)', 'Stereo speakers with 1.5 watts per channel; closed captioning on mute', '1 front, 1 rear AV input accommodates a VCR, camcorder, or digital camera', 'Personal Preference customizes your channel surfing (up to 16 favorite channels using 4 programmable buttons)', 'EZ Setup automatically sets TV channels to receive standard cable broadcasts']

<product> Monster M Series Premium Speaker Cable Gold Spade Connectors (4 pair pack) (Discontinued by Manufacturer)
<features> ['Designed to fit the shape of all standard five-way binding posts', 'Speaker cable connector with maximum current transfer and minimum loss', 'Large contact area for best signal transfer under high current conditions', 'Scored surface locks the M Series Gold Spade in place for a solid connection']

","The luxurious cabin aboard this cruise liner offers a variety of amenities designed to make sure every guest has a comfortable stay. The Phoenix Gold ISM-6 Single Source 6-Zone Speaker Selector allows guests to control six different audio zones independently from one central location. This ensures everyone can enjoy their own personalized soundtrack while still being able to listen to music together. Additionally, the Sharp 25R-S100 25” TV with its dark-tint picture tube creates a cinematic atmosphere perfect for watching movies or playing video games. Finally, the Monster M Series Premium Speaker Cables provide superior quality sound and ensure a secure connection between the speaker and amplifier.",8,6,7
"<product> Yamaha EQ-70 Stereo Equalizer (Discontinued by Manufacturer)
<features> ['10-band left- and right-channel level control', 'Output level control with power indicator', 'Tape monitor with EQ-record function', 'Defeat switch', 'LED-illuminated EQ slide controls']

<product> Toshiba CZ36V51 36&quot; TV
<features> ['Stereo front surround sound', 'Parental control V-chip', 'Single tuner picture-in-picture', 'ColorStream component-video inputs', 'FST Black invar picture tube']

<product> CableWholesale 12-Feet Premium Grade 24K Gold Digital Coaxial RCA 75 Ohm Cable (10R4-11112)
<features> ['Provide superior connections for digital audio equipment', '1-RCA Male to 1-RCA Male Connectors', 'Heavy-Duty Gold-Plated RCA Connectors', 'Fully Supports S/PDIF Audio File Transfer Format: linear PCM or multi-channel Dolby AC-3/DTS digital content']

","The luxurious cabin aboard our cruise liner offers guests a truly unique experience. The Yamaha EQ-70 Stereo Equalizer allows for precise adjustments to your music’s equalization while the Toshiba CZ36V51 36” TV delivers stunning visuals. For those who want to take advantage of the latest technology, we offer the CableWholesale 12-feet premium grade 24k gold coaxial rca cable which supports high definition audio formats such as DSD, AAC, MP3, WAV, FLAC, ALAC, OGG Vorbis, and more.",7,5,5
"<product> Pioneer VSX-D498 Dolby Digital Audio/Video Receiver (Discontinued by Manufacturer)
<features> ['80 watts x 5 channels power output', 'Digital signal processing with 6 simulated sound fields', '6-channel input; center-channel and subwoofer pre-output', 'Dolby Digital decoder', '30-channel digital AM/FM tuner']

<product> Philips 20PT6441 20&quot; Flat-Screen CRT TV (Silver)
<features> ['20-inch flat-tube TV with comb filter; 23.7 x 18.1 x 19.9 inches (W x H x D)', '5-mode auto picture; 4-mode auto sound with volume leveling', 'Stereo sound through 2 speakers, virtual surround, and output for home theater system', 'Composite-, component, and S-video inputs; 3 L/R audio inputs, 1 A/V out', 'QuadraSurf customizable remote']

<product> C2G 26947 DVI-I M/M Single Link Digital/Analog Video Cable, Black (9.8 Feet, 3 Meters)
<features> ['USE  Connect a DVI-I port on your PC to a DVI-I enabled computer, monitor, projector or a TV, for resolutions up to 1600 X 1200 pixels *Note- DVI-I and DVI-D are not interchangeable connections.', 'MOLDED GOLD-PLATED CONNECTORS Corrosion resistant connectors provide optimal video signal transfer and a durable, long life. Molded jacket will provide excellent strain relief against conductor damage', 'TRIPLE SHIELDED UNDERMOLD AND BRAID SHIELD  Prevents and protects the cable from unwanted noise interference and individually insulated conductors help to minimize crosstalk, and ensure high speed, error-free transmission', 'SLOTTED, TEXTURED THUMBSCREWS  Allows you to use a flathead screwdriver in tight spaces to install or remove this cable and prevents the cable from accidently disconnecting from the port', 'PACKAGING  To ensure you receive the highest quality products C2G packages all product in C2G branded packaging']

","The luxurious cabin aboard our cruise liner offers a variety of amenities to make sure every guest has a comfortable stay. The rooms feature state-of-the-art technology such as the Pioneer VSX-D498 Dolby Digital Audio/Video Receiver which allows guests to enjoy movies and music in stunning clarity. For those who want to relax after a day of sightseeing, there’s also the Philips 20PT6441 20” Flat-Screen CRT TV with its 5-mode Auto Picture and 4-Mode Auto Sound options. Guests can even watch their favorite shows using the C2G 26947 DVI-I M/M Single Link Digital/Analog Video Cable.",7,4,6
"<product> Wharfedale Emerald 97 3-Way Floor-Standing Speakers (Rosewood) (Discontinued by Manufacturer)
<features> ['3-way front-ported floorstanding speakers', '125-watt power handling', '40 to 20,000 Hz frequency response', '6.7-inch polymer-plastic bass/mid units; 1-inch silk-dome tweeters', 'Rosewood veneer finish']

<product> Panasonic TH-42PD25U/P 42-Inch Enhanced-Definition Flat-Panel Plasma TV
<features> ['42-inch gas-plasma TV with built-in NTSC and digital ATSC/QAM tuners and super-high 4,000:1 contrast ratio; 46.1 x 25.9 x 3.9 inches (W x H x D)', '852 x 480 native pixel resolution with EDTV display capability (480p); offers front-panel PC/RGB analog input', 'High-Definition Multimedia Interface (HDMI) offers direct-digital A/V connection with compatible DTV receiver', 'Photo viewer through SD Card slot; CableCARD compatibility obviates the need for a separate box for digital cable reception', '8 watts per channel x 2 stereo speakers; BBE ViVA HD3D Sound simulates surround sound from any 2 speakers']

<product> Samsung GALAXY S WiFi 4.2 Smartphone Charging USB 2.0 Data Cable! This professional grade custom cable outperforms the original!
<features> ['The A Days Tech Professional Charging USB Data Cable outperforms the originally manufactured (OEM) cable and all other aftermarkets commonly seen elsewhere!', 'This USB Charging Data Cable provides the ability to connect your phone to your computer with your software (sold seperately).', 'Cable also allows access to features such as Phonebook, Internet, Music, Ringtones, MP3, Calendar, etc as long as your phone and software support that feature.', 'Use your phone as a high speed modem and access Internet to check email, etc. (consult your carrier for this service)', 'Advanced charging regulation of this cable is controlled equally by the phone and computer. This means an accurate digitial charge without overcharging.']

","Welcome aboard our luxurious cruise liner! We are proud to offer you a spacious suite filled with state-of-the-art technology. Our Wharfedale Emerald 97 3-Way Floor-Standing Speaker System will provide you with crystal clear audio quality while watching movies or listening to music. The Panasonic TH-42PD25U/P 42-Inch Enhanced-Definition Flat-Panel Plasma TV will ensure you never miss a moment of action thanks to its 4,000:1 contrast ratio. And if you want to stay connected during your voyage, don’t worry—our Samsung GALAXY S WiFi 4.2 Smartphone Charging USB 2.0 Data Cable has got you covered!",8,5,6
"<product> JBL Northridge E80 3-Way Dual 6-Inch Floorstanding Speaker, Single (Beech)
<features> ['Single magnetically shielded, 3-way, dual 6-inch floorstanding speaker', 'Dual 6-inch PolyPlas woofers, 4-inch PolyPlas midrange, and 0.75-inch dome tweeter', 'Straight-Line Signal Path (SSP) crossover network ensures pure signal', '100 watts continuous and 400 watts peak power handling; 200 watts max amp power', '5-way binding posts; 8.38 x 36.5 x 13.5 inches (W x H x D); 5-year warranty']

<product> Hitachi 65SWX20B 65-Inch 16:9 Projection HDTV-Ready TV
<features> ['65-inch widescreen (16:9 aspect ratio) HDTV-ready projection TV; 61 x 59.875 x 28 inches (W x H x D)', 'Enhanced VirtualHD digital video processing upgrades conventional signals to near-HD quality', '3:2 correction and 26-point motion-adaptive interpolation ensures smooth, seamless images from any source', 'DVI digital input provides compatibility with the latest generation of digital set-top boxes', 'Magic Focus Convergence automatically aligns the picture for optimum performance at the touch of a button']

<product> Monster Cable XP164 High-Performance Speaker Wire - 164ft Spool
<features> [""Monster Cable's XP speaker wire is an audiophile grade speaker wire that is designed for those that demand high-performance from their audio equipment"", 'Delivers impressive clarity and Bass response', 'Shielded to help preserve signal integrity and assure compatibility with home-theater applications', 'Although it is sold in pairs or on rolls, some customers prefer custom cut wire to specifications and we make this service available on a special-order basis']

","The luxurious cabin aboard our cruise liner has been outfitted with state-of-the-art technology. The walls are adorned with JBL Northridge E80 3-Way Dual 6-Inch Floorstanding Speakers, which provide crystal clear sound and deep bass notes. These speakers feature a single magnetically shielded design, three way construction, four inch polyplas midrange drivers, and a 0.75 inch dome tweeter. They also boast a powerful 100 watts continuous and 400 watts peak power handling capacity, making them perfect for listening to your favorite tunes while relaxing on deck. For watching movies or playing games, there’s no better choice than the Hitachi 65SWX20B 65-Inch 16:9 Projection HDTV-Ready TV. This model offers a stunning 65” widescreen display with an enhanced virtual hd digital video processor, providing viewers with crisp, vivid imagery. It also includes a 3:2 correction and 26 point motion adaptive interpolation system, allowing users to enjoy a smoother, more realistic image. Additionally, its DVI digital input allows compatibility with the latest generation of digital set top boxes. Finally, the Monster Cable XP164 High Performance Speaker Wire will ensure that all music sounds just right. With a shielded design, this speaker wire delivers impressive clarity and bass response, while protecting against interference and preserving signal integrity.",8,6,8
"<product> Panasonic SC-AK78 5CD Dolby Pro Logic Home Theater Compact Stereo System (Discontinued by Manufacturer)
<features> ['5-CD changer', 'Dolby Pro Logic processing', 'Center and rear-channel speakers included', 'Triamped front left/right speakers', '5.1-channel discrete analog inputs']

<product> SONY KV-40XBR800 FD Trinitron(R) XBR(R) Wega(TM) Color TV
<features> ['Hi-Scan 1080i compatible for HDTV display', 'NEW - DRC(TM) MultiFunction V1 Circuitry', 'CineMotion Reverse 3 - 2 PullDown Technology', 'Flexible TwinView Two Tuner Picture and Picture', '3D Digital Comb Filter']

<product> EtherFast Cable/DSL VPN Router - Canada
<features> ['The perfect option to connect multiple PCs to a high speed Broadband Internet connection or to an Ethernet back-bone! Allowing up to 253 users, the built-in NAT technology acts as a firewall protecting your internal network!']

",Welcome aboard our luxurious cruise liner! We are proud to offer our guests the most advanced technology available today. Our rooms feature state-of-the-art entertainment systems such as the Panasonic SC-AK78 5CD Dolby Pro Logic Home Theater Compact Stereo System which allows you to enjoy your favorite music and movies in stunning surround sound quality. The Sony KV-40XBR800 FD Trinitron(R) XBR(R) Wega(TM) Color TV offers crystal clear picture resolution and vibrant colors while the EtherFast Cable/DSL VPN Router - Canada ensures fast and reliable internet access.,7,5,7
"<product> JVC RX-7000VBK Dolby Digital/DTS Audio/Video Receiver (Discontinued by Manufacturer)
<features> ['100 watts x 5 channels', 'Dolby Digital and DTS decoding', '5.1-channel direct inputs', 'S-video switching', 'Onscreen display']

<product> Philips 44PL9523 44-Inch Cineos Widescreen LCOS Projection TV Monitor
<features> ['44-inch Cineos high-definition Liquid Crystal on Silicon (LCoS) TV with 1,280 x 720 native pixel resolution; 46.7 x 31.7 x 14.6 inches (W x H x D)', 'Single-panel LCoS light engine permits low weight and a small footprint while freeing you from concern about convergence or image burn-in', 'Digital Natural Motion eliminates motion ""judder"" from film-based sources such as DVDs', 'Double-window, dual-tuner picture-in-picture splits the screen into 2 independent halves: watch 2 shows, watch and surf, etc.', '20 watts per channel high-power sound with Dolby Virtual Surround']

<product> Rapco Horizon H14-6 14GA Speaker Cable 6-Feet
<features> ['Black 14 ga cable (2) 0.25 inch', 'Heavy duty durable PVC jacket', 'Pure copper strands for excellent sound reproduction', 'Hand soldered, high quality metal 1/4 inch connectors', 'Twisted pair construction for noise rejection']

","The luxurious cabin aboard this ship has been designed to provide its passengers with the utmost comfort and convenience. The rooms are equipped with state-of-the-art technology, including the latest audio visual equipment and top-notch entertainment systems. The JVC RX-7000VBK Dolby Digital/DTS Audio/Video Receiver allows for unparalleled surround sound experiences, while the Philips 44PL9523 44-Inch Cineos Widescreen LCOS Projection TV Monitor offers stunning clarity and vivid colors. For those who prefer to relax and enjoy some music, there’s also the Rapco Horizon H14-6 14GA Speaker Cable 6 Feet which delivers crisp, clear sound.",7,6,7
"<product> Aiwa CS-P500 AM/FM Stereo Cassette Recorder, Ultra Compact Design w/Q Sound
<features> ['Auto-reverse cassette deck', 'One-touch recording', 'Patented Q-Sound technology', 'AM/FM radio', 'Built-in microphone and headphone jack']

<product> Daewoo Portland PT-1901 19&quot; TV
<features> ['19-inch color TV with parental control settings (limit: 2 TV sets per customer)', 'Remote control with channel recall, mute, and channel display', 'Convenient sleep, wake-up, and auto-shutoff timers', 'Built-in closed-captioned decoder', 'Easy-to-navigate, multilingual onscreen menus']

<product> Monster Standard THX-Certified Speaker Cable - 30 ft. 16ga. Speaker Cable (Discontinued by Manufacturer)
<features> ['For Hookup of Home Theater Speaker to A/V Receiver or Amplifier', 'Delivers the full dynamic range of movie soundtracks.', 'Generous length for optimum speaker placement in normal size room.', 'More power transfer than ordinary free in the box cables.', 'Meets minimum THX certification standards for proper system performance, reliability and ease of installation.']

","The luxurious cabin aboard this cruise liner offers a variety of amenities to make your journey comfortable and enjoyable. The Aiwa CS-P500 AM/FM Stereo Cassette Recorder, Ultra Compact Design w/Q Sound allows you to listen to music while watching movies from the Daewoo Portland PT-1901 19” TV. You can also use the remote control to adjust volume levels and change channels easily. For those who want to watch television shows, news programs, or sports games, the Monster Standard THX-Certified Speaker Cable – 30ft. 16ga. Speaker Cable will provide clear audio quality. To top off the entertainment options, the Monster Standard THX-Certified Speaker Cable – 30ft. 16ga. Speaker Cable has been specially designed to meet the requirements of the THX Certification Program, ensuring optimal sound reproduction.",6,2,6
"<product> Panasonic SC-AK410 300-Watts 5-CD Shelf System (Black) (Discontinued by Manufacturer)
<features> ['5-CD changer with MP3 support, dual-well cassette deck, digital tuner with 30 FM/AM presets', 'Pumps 300 watts total power', 'Shows ID3 tags (artist, track names) on bright, 10-character, multi-color dot-matrix display', 'Super Sound EQ selectively boosts the low, medium, and high frequencies at the touch of a button', 'Includes a sleep timer and a remote control']

<product> Toshiba 42HP84 42-Inch TheaterWide HD-Ready Flat-Panel Plasma TV
<features> ['42-inch widescreen high-definition plasma monitor; 50.3 x 27.8 x 4.9 inches (W x H x D)', '1 DVI direct-digital input, 2 ColorStream HD component-video inputs for ultimate quality from DTV receivers and progressive-scan DVD players', ""Toshiba PixelPure technology produces a picture that's consistently clear, deep, and accurate"", '1,024 x 768 native pixel resolution; 3D Y/C (4 MB, 10-bit) digital comb filter removes blurred edges between colors and reduces dot crawl', '10 watts per channel audio power x 2; SRS TruSurround and Dolby Virtual Surround produce enveloping sound from just 2 speakers']

<product> C2G 09453 DB9 M/F Serial RS232 Extension Cable, Beige (50 Feet, 15.24 Meters)
<features> ['Extend your RS-232 serial cable for more flexibility', 'Extend an existing DB9 cable up to 100ft', 'Put peripherals in the most convenient place', 'Available in beige and black', 'Lifetime Warranty', ""Don't sacrifice convenience when determining where to place your hardware!"", 'A DB9 extension cable can give you the flexibility to extend a computer peripheral wherever you need it.', 'Each extension cable comes fully shielded to prevent unwanted EMI/RFI interference,', 'Connector thumbscrews provide a quick and easy connection every time.', '<span class=""a-size-base a-color-secondary"">\n                Extend an existing DB9 cable up to 100 Feet\n            </span>', '<span class=""a-size-base a-color-secondary"">\n                Place peripherals in the most convenient location\n            </span>', '<span class=""a-size-base a-color-secondary"">\n                Available in beige and black\n            </span>', 'Designed in various colors to look great in any space.', 'Fully molded cable design delivers excellent strain relief.', 'All lines are wired straight through.']

","The luxury cabin aboard this cruise liner has been designed to offer its passengers the utmost comfort and relaxation. The walls are adorned with rich wood paneling, while the furniture is upholstered in soft leather. A large flat screen television hangs above the fireplace, displaying stunning views of the ocean. In the center of the room stands a state-of-the-art entertainment system, complete with surround sound speakers and a variety of media options. To ensure maximum privacy, each guest suite also includes a private balcony overlooking the sea.",2,4,2
"<product> Panasonic SC-PM11 Executive Microsystem (Discontinued by Manufacturer)
<features> ['KOTION EACH Gaming headset with mic']

<product> Toshiba 51H83 51-Inch HDTV-Ready TheaterWide Projection TV
<features> ['51-inch widescreen (16:9 aspect ratio) HD-compatible projection television; 49.6 x 50.5 x 22.5 inches (W x H x D)', 'CrystalScan HDSC upconverts all video signals (including 480i/p) to 1080i HD', 'Improved PowerFocus HD II CRTs enhance sharpness and brightness', 'HD Window dual-tuner POP (picture-outside-picture), PIP audio, direct video input selection', 'HD Dynamic Contrast analyzes picture information to sharpen and deepens those parts with the most detailed information']

<product> Mad Dog Multimedia ATA/IDE Cable (MD-36-ATA-3SL) (MD-36-ATA-3SL)
<features> ['36-inch ATA/IDE 133 cable', 'Rounded silver', 'For those wanting to modify their PCs into rad machines']

","The luxurious cabin aboard this cruise liner offers guests a truly unique experience. The Panasonic SC-PM11 Executive MicroSystem allows passengers to enjoy high quality sound while gaming or watching movies. Meanwhile, the Toshiba 51H83 51-Inch HDTV-Ready TheaterWide Projection TV brings vivid colors and crisp images to life. For those looking to stay connected during their voyage, the Mad Dog Multimedia ATA/IDE Cable (MD-36-ATA-3SL) ensures seamless data transfer between devices.",6,5,6
"<product> BZKBTA6100 - BAZOOKA BTA6100 BT Series Amplified Subwoofer (6""; 100W)
<features> ['Model_Number - BTA6100', 'Depth - 23.50', 'Height - 8.50', 'Width - 8.75']

<product> Samsung SPN4235 42-Inch Widescreen Plasma Flat-Panel HD-Ready TV
<features> ['42-inch widescreen high-definition plasma display with DVI input and 16:9 aspect ratio; 40.4 x 24.8 x 3.1 inches (W x H x D)', '852 x 480-pixel EDTV (480p) resolution; built-in image scaler accepts 720p and 1080i signals and scales them for 480p viewing', 'Extraordinary 1,200:1 contrast ratio, high 700 cd/m2 brightness', 'NTSC dual-tuner, split-screen PIP lets you watch two programs simultaneously', '10-watts-per-channel speaker outputs (for use with optional matching speakers, model PSM4230); subwoofer output for a direct sub hookup']

<product> Monster Cable ULT I1000-8 THX Ultra 1000 Audio Interconnect (Discontinued by Manufacturer)
<features> ['Multiple gauge wire networks for accurate, natural sound reproduction.', '12-cut Turbine 24k gold contacts for a superior connection.', 'Exceeds THX certification standards for proper system performance, reliability and ease of installation.', 'Bandwidth Balanced design for increased clarity and sonic accuracy.', 'MicroFiber insulation for deeper, tighter bass and clearer highs.']

","The luxurious cabin aboard this cruise liner has been designed to provide guests with the utmost comfort and convenience. The spacious rooms are equipped with state-of-the-art technology such as the BAZOOKA BTA6100 BT Series amplified subwoofer which delivers powerful audio quality while providing deep, rich bass. For those who prefer watching movies or shows, there’s also the Samsung SPN4235 42-inch wide screen flat panel HD ready television. To ensure maximum enjoyment, the room comes complete with a Monster Cable ULT I1000-8 THX Ultra 1000 Audio Interconnect cable so you can connect your devices seamlessly.",8,5,6
