prompt,results,mean_value
"""As an input, you'll receive a sequence of items and their respective functionalities. Each item is specified in the following format:

<item>: {item name}
<features>: {list of features of the item}

Your task is to craft a captivating description of a luxurious ship suite that includes these items, for the ship's official website. Though the specification of each item includes its features, you should place emphasis on the user experience they provide, rather than their technical specifications. Remember, your goal is to entice potential guests, so strive to make your description as appealing and engaging as possible.""","[4.0, 1.0, 6.0, 4.0, 3.0, 3.0, 5.0, 4.0, 4.0, 4.0, 8.0, 3.0, 3.0, 5.0, 5.0, 4.0, 3.0, 5.0, 4.0, 4.0]",4.1
"""
You will be given a series of products along with their respective functionalities as 'input'. Each product and its features are presented as follows:

<product> {product name}
<features> {list of features of the product}

Your task is to craft a captivating and vivid description of an opulent stateroom on a luxury cruise ship, incorporating these products. While including these products, steer away from a direct copy of the product's features, accommodating them subtly into the description. Your focus should be prominently on the user experience that these products would provide rather than technical details. 

Please keep an engaging tone throughout your writing, as this description will be used for the ship's official website. The objective is to entice potential customers and make the room's ambience and offerings irresistible.
""","[7.0, 2.0, 8.0, 2.0, 2.0, 7.0, 2.0, 7.0, 2.0, 2.0, 2.0, 4.0, 5.0, 7.0, 6.0, 2.0, 7.0, 1.0, 1.0, 8.0]",4.2
"""In this challenge, you will be given a list of product details that you need to integrate into an enthralling narrative. Every product detail will be provided in the following sequence: 

<product> {product name}
<features> {list of features of the product}

Your mission is to turn these product details into a captivating article promoting a premium-grade ship cabin. Rather than plainly stating each feature, exemplify how each product can elevate the user's onboard experience. Aim to entice potential customers by using engaging language that exudes both luxury and comfort. Remember, your objective is to depict how these products collectively improve the elegance and convenience of the cabin.""","[2.0, 4.0, 4.0, 3.0, 2.0, 2.0, 4.0, 8.0, 6.0, 7.0, 5.0, 4.0, 4.0, 4.0, 3.0, 4.0, 7.0, 3.0, 4.0, 4.0]",4.2
"""As an AI model, you will be provided with a series of product details. The input will be structured as follows:

<product> {product name}
<features> {a list of attributes related to that product}

Imagine being an interior designer for a deluxe cruise ship cabin. Your challenge is to weave these product details into a rich, persuasive description of this luxurious space. Your narrative should not be a rudimentary list of product features, but rather, an enticing portrayal of how these high-end items will enhance the guest's living experience. Make sure to present it in a captivating style that would significantly appeal to potential clients browsing the cruise ship's website. Your main objective is to highlight the opulence, comfort, and user-friendly nature these products will impart to the cabin's ambiance.""","[1.0, 7.0, 1.0, 6.0, 8.0, 3.0, 4.0, 3.0, 7.0, 8.0, 5.0, 7.0, 4.0, 5.0, 3.0, 4.0, 4.0, 4.0, 1.0, 3.0]",4.4
"""In the input, you will receive detailed information about high-end, luxury items and their features formatted as below:

<product> {product name}
<features> {list of features of the product}

Your task is to transform these product descriptions into a compelling narrative of an opulent ship cabin. Don't simply list the product features, instead, use them to enrich the story of the ultimate guest indulgence they help create. This narrative is destined for the ship's promotional website, hence your language should evoke allure and a feeling of high-class comfort. Instead of just repeating technical details, aim to paint a vivid imagery of the lavishness, relaxation and good life these products add to the total cabin experience.""","[3.0, 1.0, 4.0, 4.0, 3.0, 4.0, 5.0, 9.7, 5.0, 6.0, 3.0, 3.0, 2.0, 7.0, 6.0, 9.5, 2.0, 4.0, 4.0, 3.0]",4.41
"""As an input, you'll receive a list of high-end products along with their respective functionalities. Each product will be represented in this format:

<product> {product name}
<features> {list of functional features related to the product}

Your task is to craft an engaging, vivid description of an opulent ship cabin that incorporates these products. Instead of simply listing the features, focus on translating them into a captivating narrative that underscores the user experience. The description should be crafted in such a way that it would entice website visitors to book a stay in the luxury ship room. Always remember, the focus is less on the technical specifications and more on how these products enhance the overall luxurious experience within the room.""","[7.0, 1.0, 7.0, 7.0, 1.0, 8.0, 7.0, 6.0, 1.0, 7.0, 7.0, 2.0, 2.0, 7.0, 7.0, 1.0, 2.0, 7.0, 2.0, 1.0]",4.5
"""As an AI model, your task is to transform a sequence of product descriptions with their functionalities into an appealing and vivid description of a luxury ship room. Each product is presented in the format:

<product> {product name}
<features> {list of features of the product}

Using this information, entail the product features into an engaging prose that emphasizes on user experience rather than technical details. The goal is to create captivating content for the ship's website which effectively showcases the amenities and experiences that the luxury ship room has to offer. Remember not to simply list the features, but to incorporate them into the narrative in a way that enhances the overall imagery and allure of the room.""","[2.0, 9.0, 3.0, 4.0, 4.5, 3.0, 9.0, 7.0, 1.0, 3.0, 7.0, 4.0, 6.0, 7.0, 4.0, 6.0, 4.0, 3.0, 6.0, 5.0]",4.875
"""In the 'input', you will receive a diverse collection of luxury items, each along with their unique features. Each item will be described in the following structure:

<item> {item name}
<features> {specific features of the item}

Your task is to devise an enticing and extravagant description of a high-end ship cabin, integrating these luxury items within its design and atmosphere. Avoid simply enumerating the items' features; instead, aim to emphasize the unique and magnificent experience these items bring to the customers. The objective is to create a narrative for advertising purposes on the cruise line's website, hence, the description should emanate a desirable and enticing aura conveying luxury and indulgence. Rather than copying technical characteristics verbatim, your focus should be to underline the opulence and comfort these luxury items contribute to the cabin ambiance.""","[2.0, 10.0, 7.0, 5.0, 3.0, 4.0, 3.0, 6.0, 5.0, 5.5, 7.0, 3.0, 6.0, 9.0, 3.0, 7.0, 5.0, 6.0, 3.0, 4.0]",5.175
"""As an input, you will receive all-inclusive product details represented through individual sequences. Each sequence denotes:

<product> {product name}
<features> {list of features of the product}

Your task is to ingeniously weave a captivating description of an opulent ship cabin, incorporating these details into your narrative. Strive not to merely enumerate the product features, but emphasize how their unique characteristics can elevate the user's onboard experience. Ensure your writing radiates an engaging and magnetic tone to attract potential customers on the ship's website. Concentrate on underscoring the exclusivity, comfort, and luxury these products contribute to the ship cabin.""","[4.0, 9.0, 8.0, 2.0, 8.0, 2.0, 5.0, 8.0, 1.0, 4.0, 2.0, 7.0, 8.0, 8.0, 7.0, 4.0, 4.0, 4.0, 7.0, 3.0]",5.25
"""As an input, you will receive specific details about a range of products. Each product's information will be delivered in the following format:

<product> {product name}
<features> {list of product features}

Your task is to elegantly weave these product details into an appealing description of a high-end ship cabin. Your final product should not merely list the product details, but should effectively demonstrate how each product's unique qualities can enhance the overall experience inside of the cabin. Adopt a captivating writing style to pique the interest of potential customers browsing the ship's website. Your primary aim should be to underline the luxury and comfort each product brings to the ship cabin.""","[5.0, 9.0, 7.0, 8.0, 4.0, 4.0, 4.0, 7.0, 2.0, 3.0, 5.0, 7.0, 7.0, 8.0, 2.0, 6.0, 8.0, 6.0, 3.0, 4.0]",5.45
"""As the input, you will be given a set of luxury products accompanied by their specifics, presented as follows:

<product> {product name}
<features> {list of outstanding features}

Your mission is to construct an enticing description for a high-end ship cabin, seamlessly blending these products into your narrative. Rather than merely enumerating each product's features, your primary objective is to underscore how their distinct characteristics can upgrade the usability and comfort of the cabin space. Convey your description in a captivating style that will pique the interest of prospective customers visiting the ship's website. Highlight the opulence and comfort these products extend to the ship cabin.""","[5.0, 9.0, 9.0, 5.0, 4.0, 7.0, 6.0, 4.0, 3.0, 8.0, 5.0, 7.0, 4.0, 4.0, 8.0, 2.0, 4.0, 6.0, 7.0, 5.0]",5.6
"""You will be provided with an ""input"" that comprises of a list of various products along with their functionalities. This list is formatted as follows: 

<product> {product name}
<features> {list of features of the product}

Your task is to create an exciting composition that describes a high-end ship room showcasing these products. However, your focus should be on elucidating the user experience that these products will provide, rather than their technical specifications. Create the description in a captivating and inviting tone, ideally suitable for a luxury ship's official website. Remember, the aim is to promote the products within the context of the ship room, highlighting how they could enhance the customers' experience on board.""","[8.0, 2.0, 7.0, 8.0, 3.0, 3.0, 2.0, 8.0, 6.0, 6.0, 8.0, 7.0, 1.0, 8.0, 8.5, 2.0, 6.0, 5.0, 6.0, 8.0]",5.625
"""As an input, you'll receive a sequence of product details, each provided as follows:

<product_name> {product name}
<product_features> {list of product unique features}

Your mission is to imaginatively weave these product details into an enticing description of an extravagant ship cabin. Instead of plainly enumerating the product features, strive to underscore how these products' special features can enrich a guest's stay in the cabin. Your writing should charm potential customers exploring the ship's website by adopting a captivating tone. Emphasise on projecting an image of luxury, opulence, and comfort offered by these products within the ship cabin.""","[6.0, 7.0, 7.0, 4.0, 3.0, 4.0, 7.0, 4.0, 4.0, 8.0, 7.0, 7.0, 8.0, 4.0, 8.0, 2.0, 7.0, 4.0, 4.0, 8.0]",5.65
"""As an AI, your task is to generate a compelling description for an opulent ship cabin, incorporating a sequence of products and their functionalities provided as input. For each product, you'll receive information in the following format:

<product> {product name}
<features> {list of features of the product}

Your challenge is to integrate these products into the room's description naturally and creatively. Rather than focusing on the technical details of each product, highlight how these products will enhance the guest's experience within the ship cabin. Use persuasive and engaging language suitable for a luxury travel website. Remember, the goal is to captivate potential customers with your depiction of their dream vacation aboard the ship.""","[6.0, 2.0, 6.0, 7.0, 8.0, 5.0, 6.0, 7.0, 6.0, 8.0, 5.0, 7.0, 8.0, 2.0, 6.0, 6.0, 3.0, 2.0, 6.0, 8.0]",5.7
"""In the 'input', you will be provided with information regarding various high-end products, each accompanied by specific features. Each product and its features will be formatted as follows: 

<product> {product name}
<features> {list of features of the product}

Your assignment is to create an appealing narrative that incorporates these products into a sophisticated description of a luxurious cruise ship cabin. Your writing should prioritize highlighting not just the products themselves, but the unrivaled guest experience they facilitate. Furthermore, this narrative is destined for marketing purposes on the ship's website, thus your tone should be engaging, and exude the feel of opulence. Your objective is not to focus on the technical specifications, but rather to paint a vivid picture of the indulgence and tranquility these products add to the holistic cabin ambiance.""","[4.0, 8.0, 7.0, 8.0, 8.0, 1.0, 4.0, 4.0, 2.0, 6.5, 5.0, 9.0, 9.0, 3.0, 7.0, 2.0, 8.5, 7.5, 10.0, 4.0]",5.875
"
I'll give you as ""input"" a sequence of products with their functionalities. Each product is in the form:

<product> {product name}
<features> {list of features of the product}

You have to write a description of a luxury ship room containing these products. Do not copy the features, try to focus on the user experience instead of the technical details.
Write it with an engaging tone for the ship website.
","[7.0, 5.0, 8.0, 4.0, 4.0, 7.0, 3.0, 8.0, 4.0, 8.0, 7.0, 7.0, 6.0, 5.0, 8.0, 2.0, 7.0, 6.0, 7.0, 8.0]",6.05
"""Using the provided sequence of product descriptions and their functionalities, create a compelling and immersive description for a luxury ship room that incorporates these features. Each product will be supplied in the following format:

<product> {product name}
<features> {list of features of the product}

Your task is to seamlessly integrate these product attributes into the room description, focusing on the experience and the enhanced comfort they provide the guests, rather than the technicalities. Remember to maintain an engaging and luxurious tone suitable for a high-end cruise website, enticing potential guests with a promise of unparalleled luxury and comfort.""","[8.0, 8.0, 7.0, 6.0, 6.0, 8.0, 8.0, 7.0, 3.0, 8.0, 6.0, 5.0, 8.0, 7.0, 6.0, 4.0, 1.0, 5.0, 4.0, 6.0]",6.05
"""In the 'input', you will encounter a selection of upscale products, each listed alongside its specific features. The structure of each product mention is as follows:

<product> {name of the product}
<features> {array of product features}

Your assignment is to weave these products into an exquisite narrative describing a premium ship cabin where these items add to the sense of luxury. Avoid merely regurgitating the features; instead, blend them into the experience these products facilitate within the cabin. This narrative is intended for promotional use on the ship's website, hence, ensure it conveys the comfort, elegance, and high-end feel of the cabin. The overarching objective is not to highlight the technical details, but to emphasize the opulence and grandeur that these products bestow upon the cabin atmosphere.""","[8.5, 1.0, 7.0, 8.0, 6.8, 8.5, 3.0, 7.0, 7.0, 7.0, 7.5, 6.5, 7.5, 7.0, 7.0, 7.0, 4.0, 6.0, 4.0, 3.0]",6.165
"""
You will be provided with a list of products and their unique features. Each product is represented as follows:

<product> {product name}
<features> {list of features of the product}

Your task is to generate an enticing description for an opulent ship cabin that incorporates these products. Remember, your writing should highlight how these products enhance the user's experience in the cabin rather than focusing solely on their technical features. Strive to pen down an engaging and majestic narrative that would be most suitable for the luxury ship's official website.
""","[8.0, 8.0, 7.0, 7.0, 8.0, 2.0, 4.0, 6.0, 7.0, 7.0, 6.0, 2.0, 7.0, 7.0, 4.0, 7.0, 8.5, 7.0, 4.0, 8.0]",6.225
"""In the 'input', you are given a range of exquisite products along with their unique features. Each product will be detailed as follows:

<product> {product name}
<features> {list of features of the product}

Your assignment is to develop an enchanting and luxurious narrative for a top-tier ship cabin, seamlessly integrating these products. Don't just list the product features; your aim is to highlight the exceptional user experience they provide. Please remember that this eloquent narrative will serve marketing purposes on the ship's website, so it has to sound enticing, engaging and dripping with opulence. Emphasize not just the products' technical attributes, but how they contribute to a lavish and comfortable ship cabin experience.""","[8.0, 5.0, 8.0, 7.0, 3.0, 8.0, 9.0, 7.0, 9.0, 4.0, 7.0, 4.0, 6.0, 7.0, 8.0, 6.0, 1.0, 4.0, 8.0, 6.0]",6.25
"
I'll give you as ""input"" a sequence of products with their functionalities. Each product is in the form:

<product> {product name}
<features> {list of features of the product}

You have to write a description of a luxury ship room containing these products. Do not copy the features, try to focus on the user experience instead of the technical details.
Write it with an engaging tone for the ship website.
","[8, 1, 8, 3, 7, 6, 7, 6, 6, 8, 7, 7, 8, 8, 7, 7, 6, 2, 6, 8]",6.3
"""As an AI model, your task is to generate an eloquent and enticing description of a luxurious ship cabin using a given sequence of product details. With each product detail formatted as:

<product> {product name}
<features> {a list of the product's features}

Use these details to create an immersive narrative that paints a vivid picture of the user experience within the cabin, featuring the unique benefits and luxurious touch provided by each product. Rather than merely outlining the features, strive to showcase how they elevate the overall comfort and luxury of the cabin space. Remember to maintain an engaging and persuasive tone to attract potential customers browsing the ship's website. Your goal is to bring the luxury and charm of the ship's room to life through these products.""","[6.0, 7.0, 6.0, 7.0, 8.0, 3.0, 7.0, 4.0, 4.0, 8.0, 6.0, 7.0, 5.0, 4.0, 8.0, 7.0, 8.0, 7.0, 7.0, 8.0]",6.35
"""In the 'input', you are given a series of upscale products along with their highlighted features. Each product is denoted as follows:

<product> {product name}
<features> {list of features of the product}

Your mission is to craft a compelling and opulent depiction of a deluxe ship cabin, seamlessly integrating these products into the description. Rather than merely listing the product features, strive to illuminate the elevated user experience they provide. This description is intended for promotional purposes on the ship's luxury booking website, so make sure to use a captivating and alluring style that further amplifies the lavish ambiance. Remember, the objective is not to echo technical details, but to convey the sheer pleasure and comfort that these products bestow to the overall cabin experience.""","[6.0, 7.0, 9.0, 4.0, 8.0, 7.0, 6.5, 7.0, 8.0, 8.0, 3.0, 6.0, 1.0, 6.5, 6.0, 8.0, 9.7, 5.0, 7.5, 4.0]",6.36
"""In the 'input', you will receive a collection of high-end products along with their distinctive features. Each product will be detailed as follows: 

<product> {product name}
<features> {list of features of the product}

Your task is to craft an alluring and upscale description of a premium ship cabin, integrating these products. A mere list of product features is not enough; strive to emphasize the enhanced user experience offered by these products. This description will be used for promotional purposes on the ship's website, therefore you must ensure your writing radiates appeal and captivation that amplifies the luxurious aura. Avoid focusing solely on technical specifications, and rather, concentrate on the opulence, decadence and ease these products confer on the overall cabin ambience.""","[9.8, 8.7, 6.5, 9.0, 2.0, 4.0, 8.0, 5.0, 4.0, 7.0, 5.0, 3.0, 8.0, 8.0, 9.0, 5.0, 5.0, 8.0, 6.0, 7.0]",6.4
"""As an input, you'll receive a sequence of product details, each given in the format: 

<product> {product name}
<features> {list of features of the product}

Your task is to creatively craft a compelling description of a luxurious ship cabin, incorporating these products into your writing. Rather than simply listing out the product features, your goal should be to highlight how their unique functionalities can enhance the user's experience within the cabin space. Make sure to adopt an engaging tone that draws in potential customers on the ship's website. Focus on showcasing luxury and comfort provided by these products in the ship room.""","[7.0, 7.0, 6.0, 7.0, 5.0, 8.0, 6.0, 7.0, 4.0, 8.0, 8.0, 7.0, 3.0, 6.0, 6.0, 8.0, 8.0, 5.0, 6.0, 7.0]",6.45
"""
In the 'input', you will receive a series of different products provided along with their respective features. Each product will be presented in this manner: 

<product> {product name}
<features> {list of features of the product}

Your task is to create a captivating and luxurious description of a premium ship cabin, where these products are incorporated. You should not merely list the features of the products; instead, aim to accentuate the user experience they offer. This description is meant for marketing purposes on the ship's website, so ensure to write in an appealing and engaging tone that enhances the luxury vibe. The goal is not to reproduce technical specifications, but rather the indulgence and comfort these products add to the cabin experience.
""","[8.0, 8.5, 6.0, 7.0, 8.5, 4.0, 9.0, 4.0, 4.0, 6.0, 8.0, 8.5, 6.0, 8.0, 6.0, 5.0, 8.0, 7.0, 3.0, 7.0]",6.575
"""In the 'input', you are given details about various products and their features. Each of these products are set out like this: 

<product> {product name}
<features> {list of features of the product}

Your task is to weave these products into an exquisite description of a high-end ship cabin, emphasizing not just the bare product features, but the elevated guest experience they cater to. This description is intended for promotional on the ship's website. Therefore, your tone should be enticing and convey a sense of luxury. The mission is not to reiterate technical details, but to provide a pictorial representation of the decadence and relaxation that these products contribute to the overall cabin experience.""","[3.0, 6.0, 7.5, 8.0, 9.0, 8.0, 7.0, 6.0, 6.0, 6.0, 7.5, 8.0, 9.0, 7.0, 7.0, 5.0, 7.0, 3.0, 3.0, 9.0]",6.6
